year,revenue,profit,margin_pct,yoy_growth
2022,71532310.28,37413641.23,52.3,
2023,69674869.53,36574920.42,52.5,-2.596645827220445
2024,76576839.49,39961912.89,52.2,9.905967541178097
